committee_id,committee_name,report_year,report_type,image_number,line_number,transaction_id,file_number,committee_name,entity_type,entity_type_desc,unused_contbr_id,contributor_prefix,contributor_name,recipient_committee_type,recipient_committee_org_type,recipient_committee_designation,contributor_first_name,contributor_middle_name,contributor_last_name,contributor_suffix,contributor_street_1,contributor_street_2,contributor_city,contributor_state,contributor_zip,contributor_employer,contributor_occupation,contributor_id,receipt_type,receipt_type_desc,receipt_type_full,memo_code,memo_code_full,contribution_receipt_date,contribution_receipt_amount,contributor_aggregate_ytd,candidate_id,candidate_name,candidate_first_name,candidate_last_name,candidate_middle_name,candidate_prefix,candidate_suffix,candidate_office,candidate_office_full,candidate_office_state,candidate_office_state_full,candidate_office_district,conduit_committee_id,conduit_committee_name,conduit_committee_street1,conduit_committee_street2,conduit_committee_city,conduit_committee_state,conduit_committee_zip,donor_committee_name,national_committee_nonfederal_account,election_type,election_type_full,fec_election_type_desc,fec_election_year,amendment_indicator,amendment_indicator_desc,schedule_type_full,load_date,original_sub_id,back_reference_transaction_id,back_reference_schedule_name,filing_form,link_id,is_individual,memo_text,two_year_transaction_period,schedule_type,increased_limit,sub_id,pdf_url,line_number_label
C00718254,RICHARD BARTLETT FOR CONGRESS,2019,Q3,201910039163749783,11AI,AD044A6C4706540D685C,1354692,,IND,INDIVIDUAL,,,"SHELTON, BILL",H,,P,BILL,,SHELTON,,542 PRIMROSE ST,,ODESSA,TX,797652101,SELF EMPLOYED,TRUCKING,,15,CONTRIBUTION,,,,2019-09-19 00:00:00,500.00,500.00,,,,,,,,,,,,,,,,,,,,,,P2020,,PRIMARY,2020,A,ADD,ITEMIZED RECEIPTS,2019-10-05 02:38:38.254,,,,F3,4100320191673641590,t,,2020,SA,,4100420191673770377,http://docquery.fec.gov/cgi-bin/fecimg/?201910039163749783,Contributions From Individuals/Persons Other Than Political Committees
C00718254,RICHARD BARTLETT FOR CONGRESS,2019,Q3,201910039163749783,11AI,A2991320B1CC74E22B18,1354692,,IND,INDIVIDUAL,,,"TRAN, HOA",H,,P,HOA,,TRAN,,3520 134TH STREET,,LUBBOCK,TX,79423,EXCEPTIONAL ER,PHYSICIAN,,15,CONTRIBUTION,,,,2019-09-15 00:00:00,250.00,250.00,,,,,,,,,,,,,,,,,,,,,,P2020,,PRIMARY,2020,A,ADD,ITEMIZED RECEIPTS,2019-10-05 02:38:38.254,,,,F3,4100320191673641590,t,,2020,SA,,4100420191673770378,http://docquery.fec.gov/cgi-bin/fecimg/?201910039163749783,Contributions From Individuals/Persons Other Than Political Committees
C00718254,RICHARD BARTLETT FOR CONGRESS,2019,Q3,201910039163749783,11AI,A5B379683AD374846A2A,1354692,,IND,INDIVIDUAL,,MS.,"STEPHENS, LINDA N. MS.",H,,P,LINDA,N.,STEPHENS,,2408 BLUEBIRD LANE,,MIDLAND,TX,797052312,,,,15,CONTRIBUTION,,,,2019-09-09 00:00:00,2800.00,8400.00,,,,,,,,,,,,,,,,,,,,,,P2020,,PRIMARY,2020,A,ADD,ITEMIZED RECEIPTS,2019-10-05 02:38:38.254,,,,F3,4100320191673641590,t,,2020,SA,,4100420191673770379,http://docquery.fec.gov/cgi-bin/fecimg/?201910039163749783,Contributions From Individuals/Persons Other Than Political Committees
C00718254,RICHARD BARTLETT FOR CONGRESS,2019,Q3,201910039163749784,11AI,A7CC15DDA78764D818F9,1354692,,IND,INDIVIDUAL,,MR.,"BROWN, ROBERT C. MR. JR.",H,,P,ROBERT,C.,BROWN,JR.,20 SANTA FE PLACE,,ODESSA,TX,797658520,,,,15,CONTRIBUTION,,,,2019-09-09 00:00:00,2800.00,5600.00,,,,,,,,,,,,,,,,,,,,,,P2020,,PRIMARY,2020,A,ADD,ITEMIZED RECEIPTS,2019-10-05 02:38:38.254,,,,F3,4100320191673641590,t,,2020,SA,,4100420191673770380,http://docquery.fec.gov/cgi-bin/fecimg/?201910039163749784,Contributions From Individuals/Persons Other Than Political Committees
C00718254,RICHARD BARTLETT FOR CONGRESS,2019,Q3,201910039163749784,11AI,AF2265FCFC1F8417AAFB,1354692,,IND,INDIVIDUAL,,MR.,"BLALOCK, CHARLES MR.",H,,P,CHARLES,,BLALOCK,,3701 STATE HWY 137,,STANTON,TX,797825008,,,,15,CONTRIBUTION,,,,2019-09-09 00:00:00,2800.00,2800.00,,,,,,,,,,,,,,,,,,,,,,P2020,,PRIMARY,2020,A,ADD,ITEMIZED RECEIPTS,2019-10-05 02:38:38.254,,,,F3,4100320191673641590,t,,2020,SA,,4100420191673770381,http://docquery.fec.gov/cgi-bin/fecimg/?201910039163749784,Contributions From Individuals/Persons Other Than Political Committees
C00718254,RICHARD BARTLETT FOR CONGRESS,2019,Q3,201910039163749784,11AI,A5FF54A162C8F455FB9D,1354692,,IND,INDIVIDUAL,,,"VEMULAPALLI, SYAM",H,,P,SYAM,,VEMULAPALLI,,315 E 5TH ST,,ODESSA,TX,797615133,PERMIAN GASTROENTEROLOGY,PHYSICIAN,,15,CONTRIBUTION,,,,2019-09-23 00:00:00,1000.00,1000.00,,,,,,,,,,,,,,,,,,,,,,P2020,,PRIMARY,2020,A,ADD,ITEMIZED RECEIPTS,2019-10-05 02:38:38.254,,,,F3,4100320191673641590,t,,2020,SA,,4100420191673770382,http://docquery.fec.gov/cgi-bin/fecimg/?201910039163749784,Contributions From Individuals/Persons Other Than Political Committees
C00718254,RICHARD BARTLETT FOR CONGRESS,2019,Q3,201910039163749785,11AI,A5B8EFCD9556D4E1B8CD,1354692,,IND,INDIVIDUAL,,MS.,"STEPHENS, LINDA N. MS.",H,,P,LINDA,N.,STEPHENS,,2408 BLUEBIRD LANE,,MIDLAND,TX,797052312,,,,15,CONTRIBUTION,,,,2019-09-09 00:00:00,2800.00,8400.00,,,,,,,,,,,,,,,,,,,,,,G2020,,GENERAL,2020,A,ADD,ITEMIZED RECEIPTS,2019-10-05 02:38:38.254,,,,F3,4100320191673641590,t,,2020,SA,,4100420191673770383,http://docquery.fec.gov/cgi-bin/fecimg/?201910039163749785,Contributions From Individuals/Persons Other Than Political Committees
C00718254,RICHARD BARTLETT FOR CONGRESS,2019,Q3,201910039163749785,11AI,AF8DE53C39FC243858E6,1354692,,IND,INDIVIDUAL,,MRS.,"BLALOCK, TIFFANY MRS.",H,,P,TIFFANY,,BLALOCK,,3701 STATE HWY 137,,STANTON,TX,797825008,,,,15,CONTRIBUTION,,,,2019-09-09 00:00:00,2800.00,2800.00,,,,,,,,,,,,,,,,,,,,,,P2020,,PRIMARY,2020,A,ADD,ITEMIZED RECEIPTS,2019-10-05 02:38:38.254,,,,F3,4100320191673641590,t,,2020,SA,,4100420191673770384,http://docquery.fec.gov/cgi-bin/fecimg/?201910039163749785,Contributions From Individuals/Persons Other Than Political Committees
C00718254,RICHARD BARTLETT FOR CONGRESS,2019,Q3,201910039163749785,11AI,A4B033F68E941425CA2E,1354692,,IND,INDIVIDUAL,,MS.,"STEPHENS, LINDA N. MS.",H,,P,LINDA,N.,STEPHENS,,2408 BLUEBIRD LANE,,MIDLAND,TX,797052312,,,,15,CONTRIBUTION,,,,2019-09-09 00:00:00,2800.00,8400.00,,,,,,,,,,,,,,,,,,,,,,R2020,PRIMARY RUNOFF,RUNOFF,2020,A,ADD,ITEMIZED RECEIPTS,2019-10-05 02:38:38.254,,,,F3,4100320191673641590,t,,2020,SA,,4100420191673770385,http://docquery.fec.gov/cgi-bin/fecimg/?201910039163749785,Contributions From Individuals/Persons Other Than Political Committees
C00718254,RICHARD BARTLETT FOR CONGRESS,2019,Q3,201910039163749786,11AI,AE073F4AB341C4C5D81E,1354692,,IND,INDIVIDUAL,,MR.,"BROWN, ROBERT C. MR. JR.",H,,P,ROBERT,C.,BROWN,JR.,20 SANTA FE PLACE,,ODESSA,TX,797658520,,,,15,CONTRIBUTION,,,,2019-09-09 00:00:00,2800.00,5600.00,,,,,,,,,,,,,,,,,,,,,,R2020,PRIMARY RUNOFF,RUNOFF,2020,A,ADD,ITEMIZED RECEIPTS,2019-10-05 02:38:38.255,,,,F3,4100320191673641590,t,,2020,SA,,4100420191673770386,http://docquery.fec.gov/cgi-bin/fecimg/?201910039163749786,Contributions From Individuals/Persons Other Than Political Committees
C00718254,RICHARD BARTLETT FOR CONGRESS,2019,TER,201910219165247852,11AI,AA4C36E2615B34718BB6,1360498,,IND,INDIVIDUAL,,,"PATEL, HARSHAD",H,,P,HARSHAD,,PATEL,,17506 HARVEST AVE,,CERRITOS,CA,907032539,SELF EMPLOYED,HOTEL OWNERS,,15,CONTRIBUTION,,,,2019-10-07 00:00:00,500.00,500.00,,,,,,,,,,,,,,,,,,,,,,P2020,,PRIMARY,2020,A,ADD,ITEMIZED RECEIPTS,2019-10-30 02:44:15.055,,,,F3,4102120191674974811,t,,2020,SA,,4102920191676050307,http://docquery.fec.gov/cgi-bin/fecimg/?201910219165247852,Contributions From Individuals/Persons Other Than Political Committees
C00718254,RICHARD BARTLETT FOR CONGRESS,2019,TER,201910219165247852,11AI,AC3826335CAEA48CB828,1360498,,IND,INDIVIDUAL,,,"PATEL, CHANDRA",H,,P,CHANDRA,,PATEL,,1003 SOUTH MIDKIFF RD,,MIDLAND,TX,797017131,STUDIO 6,ACCOUNT MANAGER,,15,CONTRIBUTION,,,,2019-10-01 00:00:00,500.00,500.00,,,,,,,,,,,,,,,,,,,,,,P2020,,PRIMARY,2020,A,ADD,ITEMIZED RECEIPTS,2019-10-30 02:44:15.055,,,,F3,4102120191674974811,t,,2020,SA,,4102920191676050308,http://docquery.fec.gov/cgi-bin/fecimg/?201910219165247852,Contributions From Individuals/Persons Other Than Political Committees
